customer_id,city,state,zip_code,total_spent,avg_purchase_value,num_visits,last_purchase_date,latitude,longitude,median_income,population_density,avg_age,education_index
CUST0000,Phoenix,AZ,85001,4003.06,266.87,11,2025-01-26,33.4388812,-112.066811,110887.47,2769.88,39.75,0.47
CUST0001,Denver,CO,80201,589.88,53.63,4,2024-04-13,39.73419122,-104.9952517,85808.58,3493.11,43.43,0.65
CUST0002,Atlanta,GA,30301,3125.66,260.47,17,2025-02-08,33.74468183,-84.39117476,73866.81,1761.09,37.14,0.83
CUST0003,Denver,CO,80201,1974.06,658.02,5,2024-06-05,39.73474877,-104.9708723,85808.58,3493.11,43.43,0.65
CUST0004,Seattle,WA,98101,4749.54,339.25,18,2024-07-17,47.61779193,-122.341011,82874.81,5396.46,33.04,0.39
CUST0005,Boston,MA,2101,268.5,19.18,17,2025-02-17,42.34734881,-71.04908008,104211.22,9975.14,25.6,0.84
CUST0006,San Diego,CA,92101,1118.91,279.73,18,2024-09-02,32.69821666,-117.170439,110633.19,6931.41,29.22,0.82
CUST0007,Chicago,IL,60601,3029.71,189.36,15,2024-09-05,41.88564464,-87.62974499,87427.21,4194.32,26.04,0.32
CUST0008,Atlanta,GA,30301,2004.52,111.36,15,2025-02-14,33.75460816,-84.38914077,73866.81,1761.09,37.14,0.83
CUST0009,Nashville,TN,37201,1551.74,119.36,1,2024-04-28,36.16582123,-86.77112252,89810.44,9760.44,34.3,0.81
CUST0010,Denver,CO,80201,3971.86,794.37,10,2024-08-20,39.74662285,-104.9875888,85808.58,3493.11,43.43,0.65
CUST0011,Nashville,TN,37201,3154.16,1577.08,1,2025-02-19,36.17468941,-86.79123898,89810.44,9760.44,34.3,0.81
CUST0012,Atlanta,GA,30301,3675.07,459.38,3,2024-08-24,33.75361636,-84.3964512,73866.81,1761.09,37.14,0.83
CUST0013,Austin,TX,73301,3636.47,259.75,7,2024-06-29,30.24380255,-97.73178097,95971.17,8543.39,41.06,0.88
CUST0014,Dallas,TX,75201,2252.75,118.57,7,2024-08-10,32.78091761,-96.81987569,44991.53,4017.51,26.34,0.89
CUST0015,Atlanta,GA,30301,1321.53,101.66,15,2024-10-19,33.7662292,-84.38176267,73866.81,1761.09,37.14,0.83
CUST0016,Seattle,WA,98101,3159.33,526.55,12,2025-02-23,47.61962641,-122.3320969,82874.81,5396.46,33.04,0.39
CUST0017,Dallas,TX,75201,698.23,99.75,1,2024-06-29,32.79273734,-96.80291953,44991.53,4017.51,26.34,0.89
CUST0018,Nashville,TN,37201,1593.43,265.57,8,2024-11-22,36.17945116,-86.78153336,89810.44,9760.44,34.3,0.81
CUST0019,Dallas,TX,75201,1754.31,116.95,9,2024-10-10,32.7825755,-96.80074446,44991.53,4017.51,26.34,0.89
CUST0020,Chicago,IL,60601,1309.69,187.1,2,2024-12-16,41.87558234,-87.63084165,87427.21,4194.32,26.04,0.32
CUST0021,Austin,TX,73301,3208.32,1604.16,12,2024-09-02,30.28142823,-97.73248067,95971.17,8543.39,41.06,0.88
CUST0022,Austin,TX,73301,3668.26,733.65,2,2024-09-22,30.2821805,-97.74389458,95971.17,8543.39,41.06,0.88
CUST0023,Austin,TX,73301,838.52,139.75,16,2024-04-24,30.26583544,-97.73142497,95971.17,8543.39,41.06,0.88
CUST0024,Chicago,IL,60601,181.28,60.43,19,2024-11-11,41.86937696,-87.62526408,87427.21,4194.32,26.04,0.32
CUST0025,Austin,TX,73301,2048.1,292.59,18,2024-04-13,30.26611736,-97.74885512,95971.17,8543.39,41.06,0.88
CUST0026,Nashville,TN,37201,1124.45,112.45,3,2024-07-19,36.17043861,-86.77473552,89810.44,9760.44,34.3,0.81
CUST0027,Nashville,TN,37201,2631.52,154.8,2,2024-06-08,36.16062825,-86.77498404,89810.44,9760.44,34.3,0.81
CUST0028,Phoenix,AZ,85001,1761.25,587.08,19,2024-06-08,33.45108712,-112.0689424,110887.47,2769.88,39.75,0.47
CUST0029,San Diego,CA,92101,3921.39,356.49,17,2024-12-25,32.72293072,-117.1671435,110633.19,6931.41,29.22,0.82
CUST0030,Seattle,WA,98101,887.96,49.33,2,2024-06-02,47.61150659,-122.3301571,82874.81,5396.46,33.04,0.39
CUST0031,Chicago,IL,60601,3589.68,3589.68,14,2024-07-05,41.87537473,-87.64112497,87427.21,4194.32,26.04,0.32
CUST0032,Boston,MA,2101,4261.19,250.66,1,2024-10-14,42.35754612,-71.06753736,104211.22,9975.14,25.6,0.84
CUST0033,Phoenix,AZ,85001,1327.26,221.21,6,2025-02-16,33.45276691,-112.0617282,110887.47,2769.88,39.75,0.47
CUST0034,Seattle,WA,98101,1815.38,1815.38,15,2024-05-26,47.63783938,-122.3303119,82874.81,5396.46,33.04,0.39
CUST0035,Austin,TX,73301,313.66,26.14,14,2025-04-02,30.26875868,-97.73259659,95971.17,8543.39,41.06,0.88
CUST0036,Atlanta,GA,30301,2904.23,2904.23,1,2024-07-26,33.72681932,-84.39268018,73866.81,1761.09,37.14,0.83
CUST0037,Dallas,TX,75201,4687.16,1562.39,8,2024-10-16,32.78230954,-96.80808937,44991.53,4017.51,26.34,0.89
CUST0038,San Diego,CA,92101,1857.37,185.74,2,2024-07-09,32.72449774,-117.1422108,110633.19,6931.41,29.22,0.82
CUST0039,Dallas,TX,75201,4065.87,1355.29,18,2025-03-26,32.76816734,-96.79505004,44991.53,4017.51,26.34,0.89
CUST0040,Boston,MA,2101,3539.64,221.23,14,2024-11-16,42.35227175,-71.06236819,104211.22,9975.14,25.6,0.84
CUST0041,Phoenix,AZ,85001,3392.93,178.58,17,2024-10-10,33.43008462,-112.0657397,110887.47,2769.88,39.75,0.47
CUST0042,Boston,MA,2101,3872.97,322.75,12,2025-04-03,42.37210399,-71.06151236,104211.22,9975.14,25.6,0.84
CUST0043,Chicago,IL,60601,2115.63,705.21,8,2024-06-04,41.86692086,-87.649906,87427.21,4194.32,26.04,0.32
CUST0044,Dallas,TX,75201,484.44,96.89,9,2024-11-30,32.77665753,-96.80317847,44991.53,4017.51,26.34,0.89
CUST0045,Seattle,WA,98101,1274.96,79.69,8,2024-08-14,47.61377296,-122.3134865,82874.81,5396.46,33.04,0.39
CUST0046,San Diego,CA,92101,3677.19,1225.73,12,2024-11-05,32.73266911,-117.1670767,110633.19,6931.41,29.22,0.82
CUST0047,Nashville,TN,37201,1775.21,355.04,15,2025-01-04,36.16443819,-86.77225366,89810.44,9760.44,34.3,0.81
CUST0048,Dallas,TX,75201,3840.49,548.64,4,2024-06-23,32.80113112,-96.80498407,44991.53,4017.51,26.34,0.89
CUST0049,Dallas,TX,75201,3117.67,623.53,4,2024-06-22,32.78001814,-96.79244065,44991.53,4017.51,26.34,0.89
CUST0050,Boston,MA,2101,3327.6,831.9,16,2024-07-02,42.36344068,-71.05073767,104211.22,9975.14,25.6,0.84
CUST0051,Chicago,IL,60601,2919.82,162.21,3,2025-03-06,41.90133033,-87.64952088,87427.21,4194.32,26.04,0.32
CUST0052,Atlanta,GA,30301,3167.1,3167.1,1,2024-10-22,33.74513567,-84.38792402,73866.81,1761.09,37.14,0.83
CUST0053,Boston,MA,2101,1988.44,198.84,2,2024-12-14,42.35377763,-71.06355489,104211.22,9975.14,25.6,0.84
CUST0054,Atlanta,GA,30301,1806.85,164.26,4,2024-09-03,33.74370299,-84.38123245,73866.81,1761.09,37.14,0.83
CUST0055,Dallas,TX,75201,2175.01,725.0,17,2024-12-30,32.76212328,-96.8122057,44991.53,4017.51,26.34,0.89
CUST0056,Phoenix,AZ,85001,2944.67,588.93,12,2024-10-07,33.45825416,-112.0618649,110887.47,2769.88,39.75,0.47
CUST0057,Nashville,TN,37201,1950.87,114.76,16,2024-09-03,36.16681953,-86.78310267,89810.44,9760.44,34.3,0.81
CUST0058,Austin,TX,73301,362.08,40.23,19,2025-01-22,30.27392042,-97.74124525,95971.17,8543.39,41.06,0.88
CUST0059,Chicago,IL,60601,2909.85,193.99,16,2025-01-29,41.86993983,-87.64214189,87427.21,4194.32,26.04,0.32
CUST0060,Atlanta,GA,30301,3786.64,236.66,7,2024-12-20,33.75324518,-84.37324707,73866.81,1761.09,37.14,0.83
CUST0061,Seattle,WA,98101,4846.39,538.49,10,2024-07-29,47.60741582,-122.3181652,82874.81,5396.46,33.04,0.39
CUST0062,Boston,MA,2101,456.54,25.36,2,2025-04-03,42.34418346,-71.05920991,104211.22,9975.14,25.6,0.84
CUST0063,Boston,MA,2101,1933.93,1933.93,17,2024-05-16,42.35281556,-71.06213447,104211.22,9975.14,25.6,0.84
CUST0064,San Diego,CA,92101,3554.91,355.49,19,2025-02-28,32.70413536,-117.1642218,110633.19,6931.41,29.22,0.82
CUST0065,Seattle,WA,98101,2396.44,299.56,9,2025-04-07,47.59895778,-122.3223843,82874.81,5396.46,33.04,0.39
CUST0066,Nashville,TN,37201,1936.87,113.93,1,2024-12-12,36.16069653,-86.77016496,89810.44,9760.44,34.3,0.81
CUST0067,Atlanta,GA,30301,1339.65,70.51,18,2025-02-20,33.76451144,-84.38040729,73866.81,1761.09,37.14,0.83
CUST0068,Austin,TX,73301,3175.03,1058.34,16,2025-03-27,30.26124438,-97.74234848,95971.17,8543.39,41.06,0.88
CUST0069,Atlanta,GA,30301,1459.17,364.79,8,2024-10-04,33.74243094,-84.39875079,73866.81,1761.09,37.14,0.83
CUST0070,Atlanta,GA,30301,4874.53,286.74,9,2024-09-08,33.73485425,-84.3832034,73866.81,1761.09,37.14,0.83
CUST0071,Denver,CO,80201,4130.43,229.47,19,2024-07-26,39.74780275,-104.9884892,85808.58,3493.11,43.43,0.65
CUST0072,Dallas,TX,75201,4670.37,259.46,13,2025-04-03,32.77926389,-96.80282221,44991.53,4017.51,26.34,0.89
CUST0073,Austin,TX,73301,2453.81,163.59,17,2024-07-15,30.25286865,-97.72646128,95971.17,8543.39,41.06,0.88
CUST0074,San Diego,CA,92101,4162.9,244.88,13,2024-12-31,32.72342457,-117.1408847,110633.19,6931.41,29.22,0.82
CUST0075,Atlanta,GA,30301,4983.52,996.7,5,2024-09-18,33.74549935,-84.3837715,73866.81,1761.09,37.14,0.83
CUST0076,Nashville,TN,37201,732.88,38.57,13,2024-09-15,36.16333173,-86.78257902,89810.44,9760.44,34.3,0.81
CUST0077,Boston,MA,2101,3128.83,391.1,7,2024-11-05,42.32521831,-71.06268263,104211.22,9975.14,25.6,0.84
CUST0078,Denver,CO,80201,2648.8,220.73,1,2025-02-13,39.74413713,-104.9765791,85808.58,3493.11,43.43,0.65
CUST0079,Phoenix,AZ,85001,3800.17,271.44,2,2025-01-23,33.4456635,-112.0734231,110887.47,2769.88,39.75,0.47
CUST0080,Seattle,WA,98101,1817.88,908.94,18,2024-06-26,47.60131418,-122.3288359,82874.81,5396.46,33.04,0.39
CUST0081,Seattle,WA,98101,1806.45,301.07,1,2024-05-08,47.62628616,-122.343801,82874.81,5396.46,33.04,0.39
CUST0082,Denver,CO,80201,3518.45,879.61,10,2024-10-06,39.74460737,-104.9841389,85808.58,3493.11,43.43,0.65
CUST0083,Chicago,IL,60601,2349.77,1174.88,6,2025-02-14,41.86851945,-87.63602256,87427.21,4194.32,26.04,0.32
CUST0084,Denver,CO,80201,2732.59,170.79,11,2025-03-31,39.74560226,-104.9991213,85808.58,3493.11,43.43,0.65
CUST0085,Nashville,TN,37201,4494.26,1498.09,18,2025-02-06,36.15469742,-86.78792873,89810.44,9760.44,34.3,0.81
CUST0086,San Diego,CA,92101,534.64,534.64,5,2024-08-18,32.72786034,-117.1628714,110633.19,6931.41,29.22,0.82
CUST0087,Austin,TX,73301,2566.74,197.44,9,2024-06-30,30.27514589,-97.72795365,95971.17,8543.39,41.06,0.88
CUST0088,Boston,MA,2101,4380.54,273.78,17,2025-03-13,42.36178128,-71.05964365,104211.22,9975.14,25.6,0.84
CUST0089,Boston,MA,2101,2474.16,176.73,2,2024-11-05,42.36576557,-71.0568875,104211.22,9975.14,25.6,0.84
CUST0090,Seattle,WA,98101,2292.32,764.11,19,2025-03-24,47.61293666,-122.3348877,82874.81,5396.46,33.04,0.39
CUST0091,Dallas,TX,75201,2863.43,168.44,7,2025-01-12,32.77226775,-96.80350789,44991.53,4017.51,26.34,0.89
CUST0092,Austin,TX,73301,1780.34,445.08,10,2025-01-31,30.26701895,-97.71827158,95971.17,8543.39,41.06,0.88
CUST0093,Chicago,IL,60601,2731.82,1365.91,15,2024-07-18,41.89479434,-87.61013864,87427.21,4194.32,26.04,0.32
CUST0094,Dallas,TX,75201,1490.5,248.42,2,2024-05-28,32.78027691,-96.79872635,44991.53,4017.51,26.34,0.89
CUST0095,Austin,TX,73301,136.92,22.82,6,2024-12-17,30.2661809,-97.74413451,95971.17,8543.39,41.06,0.88
CUST0096,Boston,MA,2101,4494.15,1498.05,19,2025-03-08,42.36270457,-71.06050238,104211.22,9975.14,25.6,0.84
CUST0097,San Diego,CA,92101,2049.49,186.32,4,2024-05-08,32.71423229,-117.1524461,110633.19,6931.41,29.22,0.82
CUST0098,Boston,MA,2101,3642.19,1821.1,15,2024-09-17,42.34330595,-71.0545664,104211.22,9975.14,25.6,0.84
CUST0099,Atlanta,GA,30301,1016.51,254.13,19,2024-09-08,33.73372458,-84.38951915,73866.81,1761.09,37.14,0.83
CUST0100,Austin,TX,73301,3092.04,515.34,5,2024-11-20,30.26802037,-97.73523172,95971.17,8543.39,41.06,0.88
CUST0101,Denver,CO,80201,353.94,19.66,10,2024-07-21,39.75006293,-104.9957689,85808.58,3493.11,43.43,0.65
CUST0102,Austin,TX,73301,780.24,86.69,17,2024-07-17,30.26276661,-97.71566152,95971.17,8543.39,41.06,0.88
CUST0103,Phoenix,AZ,85001,3992.02,234.82,5,2024-05-25,33.44440258,-112.0549497,110887.47,2769.88,39.75,0.47
CUST0104,Atlanta,GA,30301,3681.25,409.03,2,2025-01-22,33.75668101,-84.39189208,73866.81,1761.09,37.14,0.83
CUST0105,San Diego,CA,92101,335.66,41.96,11,2024-04-12,32.72762847,-117.1536203,110633.19,6931.41,29.22,0.82
CUST0106,Denver,CO,80201,904.9,180.98,19,2025-01-20,39.71791893,-104.9863922,85808.58,3493.11,43.43,0.65
CUST0107,Dallas,TX,75201,2022.98,252.87,8,2024-06-17,32.78552533,-96.7970445,44991.53,4017.51,26.34,0.89
CUST0108,San Diego,CA,92101,2744.93,183.0,1,2024-11-06,32.70789499,-117.1761341,110633.19,6931.41,29.22,0.82
CUST0109,Seattle,WA,98101,2763.41,345.43,8,2025-02-28,47.59521414,-122.3185625,82874.81,5396.46,33.04,0.39
CUST0110,Chicago,IL,60601,3990.72,3990.72,7,2024-11-02,41.87540639,-87.63849844,87427.21,4194.32,26.04,0.32
CUST0111,Atlanta,GA,30301,3915.0,3915.0,4,2025-01-12,33.74948241,-84.37159057,73866.81,1761.09,37.14,0.83
CUST0112,Dallas,TX,75201,1776.2,296.03,13,2024-10-31,32.77220574,-96.82196515,44991.53,4017.51,26.34,0.89
CUST0113,Chicago,IL,60601,2046.71,255.84,5,2024-11-02,41.88756989,-87.63922165,87427.21,4194.32,26.04,0.32
CUST0114,Seattle,WA,98101,159.8,8.41,19,2024-06-20,47.61718099,-122.3143241,82874.81,5396.46,33.04,0.39
CUST0115,Chicago,IL,60601,989.83,98.98,8,2025-03-01,41.87593056,-87.64452204,87427.21,4194.32,26.04,0.32
CUST0116,Dallas,TX,75201,4741.69,395.14,13,2024-12-25,32.80445752,-96.79870779,44991.53,4017.51,26.34,0.89
CUST0117,Boston,MA,2101,4373.41,364.45,12,2024-04-17,42.35397352,-71.04698151,104211.22,9975.14,25.6,0.84
CUST0118,Nashville,TN,37201,2178.24,155.59,8,2024-06-15,36.15909772,-86.77218927,89810.44,9760.44,34.3,0.81
CUST0119,Atlanta,GA,30301,4925.72,351.84,4,2024-10-08,33.74526574,-84.38048117,73866.81,1761.09,37.14,0.83
CUST0120,San Diego,CA,92101,2642.31,330.29,15,2024-11-10,32.73397164,-117.166904,110633.19,6931.41,29.22,0.82
CUST0121,Dallas,TX,75201,4033.98,448.22,3,2025-02-04,32.79051783,-96.80247368,44991.53,4017.51,26.34,0.89
CUST0122,San Diego,CA,92101,1797.1,99.84,2,2024-04-26,32.70497235,-117.1626074,110633.19,6931.41,29.22,0.82
CUST0123,Denver,CO,80201,1316.31,188.04,6,2024-04-29,39.75038826,-104.9969822,85808.58,3493.11,43.43,0.65
CUST0124,San Diego,CA,92101,1178.48,65.47,17,2024-05-06,32.71200889,-117.1616454,110633.19,6931.41,29.22,0.82
CUST0125,Boston,MA,2101,2560.76,2560.76,13,2024-09-05,42.37349705,-71.06329617,104211.22,9975.14,25.6,0.84
CUST0126,Austin,TX,73301,279.09,17.44,8,2025-03-20,30.28388582,-97.76659351,95971.17,8543.39,41.06,0.88
CUST0127,Austin,TX,73301,2063.74,343.96,19,2024-05-24,30.26701362,-97.7471581,95971.17,8543.39,41.06,0.88
CUST0128,Phoenix,AZ,85001,4735.97,473.6,10,2024-10-28,33.44638109,-112.0706959,110887.47,2769.88,39.75,0.47
CUST0129,Seattle,WA,98101,4348.27,543.53,1,2024-05-30,47.6029553,-122.3372832,82874.81,5396.46,33.04,0.39
CUST0130,Boston,MA,2101,610.13,40.68,5,2025-01-31,42.36143215,-71.05021707,104211.22,9975.14,25.6,0.84
CUST0131,Boston,MA,2101,587.26,41.95,14,2024-10-25,42.3572419,-71.07057531,104211.22,9975.14,25.6,0.84
CUST0132,Phoenix,AZ,85001,4492.05,641.72,10,2024-07-19,33.45688838,-112.0653322,110887.47,2769.88,39.75,0.47
CUST0133,Denver,CO,80201,2956.9,164.27,2,2024-06-09,39.72501341,-104.9786084,85808.58,3493.11,43.43,0.65
CUST0134,Seattle,WA,98101,1878.99,156.58,5,2024-06-19,47.62246695,-122.3516988,82874.81,5396.46,33.04,0.39
CUST0135,Seattle,WA,98101,4319.23,1439.74,12,2024-07-02,47.61166415,-122.3397598,82874.81,5396.46,33.04,0.39
CUST0136,Phoenix,AZ,85001,4019.29,236.43,18,2024-12-14,33.46701429,-112.069123,110887.47,2769.88,39.75,0.47
CUST0137,Seattle,WA,98101,3204.04,457.72,9,2024-08-05,47.59999283,-122.3114603,82874.81,5396.46,33.04,0.39
CUST0138,Dallas,TX,75201,2675.88,205.84,2,2024-09-05,32.78950178,-96.79460428,44991.53,4017.51,26.34,0.89
CUST0139,Atlanta,GA,30301,4093.77,454.86,6,2025-03-05,33.77005574,-84.38282408,73866.81,1761.09,37.14,0.83
CUST0140,Dallas,TX,75201,3628.99,362.9,6,2024-09-01,32.79620533,-96.78429505,44991.53,4017.51,26.34,0.89
CUST0141,Nashville,TN,37201,2521.94,252.19,13,2024-09-30,36.15375181,-86.77973909,89810.44,9760.44,34.3,0.81
CUST0142,San Diego,CA,92101,3716.36,195.6,4,2024-06-30,32.72824415,-117.1612461,110633.19,6931.41,29.22,0.82
CUST0143,Phoenix,AZ,85001,3090.98,1545.49,15,2024-11-07,33.45095321,-112.0682096,110887.47,2769.88,39.75,0.47
CUST0144,Austin,TX,73301,1422.56,94.84,19,2024-08-24,30.27236,-97.73767324,95971.17,8543.39,41.06,0.88
CUST0145,Seattle,WA,98101,3154.33,1577.16,9,2024-09-19,47.59954087,-122.3478056,82874.81,5396.46,33.04,0.39
CUST0146,Boston,MA,2101,2230.65,318.66,3,2024-11-28,42.35692214,-71.06658898,104211.22,9975.14,25.6,0.84
CUST0147,Austin,TX,73301,770.41,77.04,17,2024-06-09,30.27691621,-97.72713852,95971.17,8543.39,41.06,0.88
CUST0148,Austin,TX,73301,3328.04,208.0,6,2024-09-20,30.26929834,-97.75660961,95971.17,8543.39,41.06,0.88
CUST0149,Dallas,TX,75201,352.82,23.52,10,2025-03-23,32.78818485,-96.79866152,44991.53,4017.51,26.34,0.89
CUST0150,Atlanta,GA,30301,3682.02,193.79,16,2024-05-15,33.76129069,-84.39080416,73866.81,1761.09,37.14,0.83
CUST0151,Phoenix,AZ,85001,2330.2,233.02,7,2024-07-09,33.43725931,-112.0558596,110887.47,2769.88,39.75,0.47
CUST0152,Seattle,WA,98101,4436.49,403.32,8,2024-10-07,47.62444173,-122.3490451,82874.81,5396.46,33.04,0.39
CUST0153,Boston,MA,2101,2743.51,211.04,18,2024-10-29,42.3626705,-71.05110369,104211.22,9975.14,25.6,0.84
CUST0154,Seattle,WA,98101,219.56,21.96,2,2024-07-31,47.61082284,-122.3193452,82874.81,5396.46,33.04,0.39
CUST0155,Denver,CO,80201,443.15,31.65,17,2024-05-25,39.76298898,-104.9936284,85808.58,3493.11,43.43,0.65
CUST0156,Boston,MA,2101,1431.27,143.13,7,2024-05-03,42.35127369,-71.05206342,104211.22,9975.14,25.6,0.84
CUST0157,Denver,CO,80201,2389.82,132.77,4,2024-11-13,39.72066322,-105.002074,85808.58,3493.11,43.43,0.65
CUST0158,Boston,MA,2101,709.74,141.95,5,2024-09-22,42.36831543,-71.05792387,104211.22,9975.14,25.6,0.84
CUST0159,Seattle,WA,98101,918.47,229.62,8,2024-11-11,47.60523622,-122.3240269,82874.81,5396.46,33.04,0.39
CUST0160,Denver,CO,80201,2612.17,261.22,11,2024-08-25,39.73584133,-104.9910405,85808.58,3493.11,43.43,0.65
CUST0161,Dallas,TX,75201,3919.96,653.33,5,2024-07-21,32.76750825,-96.79428519,44991.53,4017.51,26.34,0.89
CUST0162,Nashville,TN,37201,4645.99,273.29,10,2024-10-12,36.16169653,-86.78003013,89810.44,9760.44,34.3,0.81
CUST0163,Denver,CO,80201,4097.58,682.93,13,2024-12-09,39.71754333,-104.9987837,85808.58,3493.11,43.43,0.65
CUST0164,Nashville,TN,37201,317.45,158.72,12,2024-10-20,36.16543499,-86.7691639,89810.44,9760.44,34.3,0.81
CUST0165,Atlanta,GA,30301,3702.54,1851.27,15,2025-03-01,33.75884101,-84.39950684,73866.81,1761.09,37.14,0.83
CUST0166,Dallas,TX,75201,2709.75,541.95,16,2024-06-28,32.74519191,-96.80870223,44991.53,4017.51,26.34,0.89
CUST0167,Denver,CO,80201,4140.94,517.62,2,2025-02-27,39.72360604,-104.9853745,85808.58,3493.11,43.43,0.65
CUST0168,San Diego,CA,92101,2654.18,165.89,8,2025-01-06,32.72820482,-117.1549273,110633.19,6931.41,29.22,0.82
CUST0169,Nashville,TN,37201,4657.44,1164.36,6,2024-10-02,36.15832882,-86.77853286,89810.44,9760.44,34.3,0.81
CUST0170,Atlanta,GA,30301,3743.19,207.96,4,2024-07-24,33.75028745,-84.37721548,73866.81,1761.09,37.14,0.83
CUST0171,Phoenix,AZ,85001,1046.35,80.49,14,2024-11-04,33.45024642,-112.0691004,110887.47,2769.88,39.75,0.47
CUST0172,Seattle,WA,98101,3206.63,246.66,3,2024-05-17,47.62186387,-122.3323635,82874.81,5396.46,33.04,0.39
CUST0173,Atlanta,GA,30301,602.3,150.57,4,2024-08-09,33.75751903,-84.38023101,73866.81,1761.09,37.14,0.83
CUST0174,San Diego,CA,92101,1794.83,99.71,18,2024-07-12,32.71441078,-117.1562279,110633.19,6931.41,29.22,0.82
CUST0175,Phoenix,AZ,85001,421.57,421.57,6,2025-01-19,33.44432316,-112.0626878,110887.47,2769.88,39.75,0.47
CUST0176,Phoenix,AZ,85001,2284.92,163.21,2,2024-06-27,33.45088952,-112.0583409,110887.47,2769.88,39.75,0.47
CUST0177,Chicago,IL,60601,4215.74,281.05,14,2025-01-14,41.86719696,-87.62127543,87427.21,4194.32,26.04,0.32
CUST0178,Austin,TX,73301,4819.86,321.32,16,2024-04-16,30.2577274,-97.72339863,95971.17,8543.39,41.06,0.88
CUST0179,Nashville,TN,37201,2267.26,2267.26,6,2025-03-24,36.15219698,-86.7735981,89810.44,9760.44,34.3,0.81
CUST0180,Austin,TX,73301,3293.17,274.43,18,2024-07-11,30.29515546,-97.75656414,95971.17,8543.39,41.06,0.88
CUST0181,Nashville,TN,37201,4356.25,544.53,15,2025-03-12,36.16459929,-86.77392486,89810.44,9760.44,34.3,0.81
CUST0182,Denver,CO,80201,4004.31,333.69,3,2025-02-21,39.75638113,-104.9749896,85808.58,3493.11,43.43,0.65
CUST0183,Chicago,IL,60601,2208.5,368.08,16,2024-05-24,41.86673545,-87.61845416,87427.21,4194.32,26.04,0.32
CUST0184,Seattle,WA,98101,4008.04,364.37,13,2024-09-11,47.60547694,-122.3542388,82874.81,5396.46,33.04,0.39
CUST0185,San Diego,CA,92101,1529.15,117.63,1,2024-12-27,32.72257997,-117.1553088,110633.19,6931.41,29.22,0.82
CUST0186,Denver,CO,80201,614.16,36.13,12,2025-02-21,39.73996397,-105.0015836,85808.58,3493.11,43.43,0.65
CUST0187,San Diego,CA,92101,1130.71,1130.71,10,2024-08-09,32.72208383,-117.1804173,110633.19,6931.41,29.22,0.82
CUST0188,Austin,TX,73301,4424.41,4424.41,13,2024-12-13,30.25614628,-97.7510732,95971.17,8543.39,41.06,0.88
CUST0189,San Diego,CA,92101,2880.95,205.78,18,2024-11-16,32.71506537,-117.1644498,110633.19,6931.41,29.22,0.82
CUST0190,Austin,TX,73301,4762.59,1587.53,6,2025-03-30,30.2881198,-97.73642074,95971.17,8543.39,41.06,0.88
CUST0191,Boston,MA,2101,4742.02,316.13,7,2025-01-14,42.38155885,-71.04827761,104211.22,9975.14,25.6,0.84
CUST0192,San Diego,CA,92101,2316.36,772.12,9,2024-10-02,32.71630478,-117.1579545,110633.19,6931.41,29.22,0.82
CUST0193,San Diego,CA,92101,3007.07,250.59,13,2025-03-14,32.71679653,-117.1557583,110633.19,6931.41,29.22,0.82
CUST0194,Phoenix,AZ,85001,2403.89,184.91,8,2024-08-30,33.45618687,-112.0587068,110887.47,2769.88,39.75,0.47
CUST0195,Denver,CO,80201,892.2,148.7,18,2024-09-09,39.74038003,-104.9887997,85808.58,3493.11,43.43,0.65
CUST0196,Dallas,TX,75201,2075.98,138.4,1,2024-05-11,32.79131253,-96.80274747,44991.53,4017.51,26.34,0.89
CUST0197,Atlanta,GA,30301,1795.08,149.59,18,2024-10-13,33.77593572,-84.38587782,73866.81,1761.09,37.14,0.83
CUST0198,Dallas,TX,75201,3653.76,913.44,2,2024-05-08,32.77827373,-96.7911634,44991.53,4017.51,26.34,0.89
CUST0199,Dallas,TX,75201,4961.45,413.45,3,2024-08-14,32.79246327,-96.80126811,44991.53,4017.51,26.34,0.89
CUST0200,Austin,TX,73301,744.68,93.08,4,2024-08-11,30.28659948,-97.72724356,95971.17,8543.39,41.06,0.88
CUST0201,Seattle,WA,98101,986.79,197.36,6,2025-02-26,47.615436,-122.3337061,82874.81,5396.46,33.04,0.39
CUST0202,Boston,MA,2101,2939.13,1469.57,7,2024-05-17,42.34674924,-71.04926948,104211.22,9975.14,25.6,0.84
CUST0203,Seattle,WA,98101,4304.13,860.83,1,2024-10-26,47.60953079,-122.3252296,82874.81,5396.46,33.04,0.39
CUST0204,Dallas,TX,75201,460.13,32.87,16,2025-01-05,32.78996267,-96.80493757,44991.53,4017.51,26.34,0.89
CUST0205,Austin,TX,73301,2302.23,287.78,11,2025-04-07,30.2625798,-97.75304655,95971.17,8543.39,41.06,0.88
CUST0206,Nashville,TN,37201,3067.14,204.48,5,2024-09-16,36.17214509,-86.78089523,89810.44,9760.44,34.3,0.81
CUST0207,Boston,MA,2101,2968.24,197.88,6,2024-12-21,42.35483551,-71.05955756,104211.22,9975.14,25.6,0.84
CUST0208,Seattle,WA,98101,702.56,140.51,1,2024-12-10,47.6037613,-122.3353674,82874.81,5396.46,33.04,0.39
CUST0209,Atlanta,GA,30301,606.21,31.91,14,2025-03-27,33.75139343,-84.38547465,73866.81,1761.09,37.14,0.83
CUST0210,Nashville,TN,37201,2942.55,196.17,11,2024-10-12,36.16427871,-86.80087889,89810.44,9760.44,34.3,0.81
CUST0211,Phoenix,AZ,85001,246.87,18.99,16,2024-08-17,33.44267316,-112.0649457,110887.47,2769.88,39.75,0.47
CUST0212,Atlanta,GA,30301,560.11,70.01,6,2025-04-03,33.74897156,-84.39026794,73866.81,1761.09,37.14,0.83
CUST0213,Seattle,WA,98101,3127.45,390.93,15,2024-08-19,47.60597965,-122.3272097,82874.81,5396.46,33.04,0.39
CUST0214,Nashville,TN,37201,3478.68,3478.68,1,2024-11-12,36.16839185,-86.76184627,89810.44,9760.44,34.3,0.81
CUST0215,Seattle,WA,98101,4997.13,832.86,9,2024-10-29,47.62005143,-122.3325238,82874.81,5396.46,33.04,0.39
CUST0216,Nashville,TN,37201,543.36,60.37,11,2024-05-19,36.1722319,-86.77305767,89810.44,9760.44,34.3,0.81
CUST0217,Chicago,IL,60601,3371.21,561.87,2,2025-01-16,41.87635798,-87.62247124,87427.21,4194.32,26.04,0.32
CUST0218,Austin,TX,73301,689.02,98.43,15,2025-02-02,30.25721977,-97.75643741,95971.17,8543.39,41.06,0.88
CUST0219,Atlanta,GA,30301,1964.06,1964.06,17,2024-08-27,33.73706855,-84.39600974,73866.81,1761.09,37.14,0.83
CUST0220,Dallas,TX,75201,2976.6,372.07,14,2024-05-13,32.78002782,-96.7837957,44991.53,4017.51,26.34,0.89
CUST0221,Atlanta,GA,30301,4330.33,270.65,2,2024-12-12,33.75089608,-84.40181394,73866.81,1761.09,37.14,0.83
CUST0222,Chicago,IL,60601,3078.73,192.42,6,2024-06-10,41.87747314,-87.62607915,87427.21,4194.32,26.04,0.32
CUST0223,Denver,CO,80201,395.31,30.41,19,2024-06-22,39.74390402,-105.0011004,85808.58,3493.11,43.43,0.65
CUST0224,Atlanta,GA,30301,1495.88,99.73,3,2024-11-23,33.75918317,-84.40570501,73866.81,1761.09,37.14,0.83
CUST0225,Seattle,WA,98101,2059.54,158.43,4,2025-01-08,47.60865732,-122.3315922,82874.81,5396.46,33.04,0.39
CUST0226,Dallas,TX,75201,4018.93,574.13,17,2024-06-14,32.77856154,-96.79203791,44991.53,4017.51,26.34,0.89
CUST0227,San Diego,CA,92101,4049.36,4049.36,12,2024-10-17,32.72471961,-117.1586078,110633.19,6931.41,29.22,0.82
CUST0228,Phoenix,AZ,85001,3226.13,358.46,9,2024-07-11,33.43597395,-112.0525042,110887.47,2769.88,39.75,0.47
CUST0229,Dallas,TX,75201,4510.11,281.88,17,2024-11-05,32.77142726,-96.810583,44991.53,4017.51,26.34,0.89
CUST0230,Boston,MA,2101,4130.81,590.12,10,2024-04-28,42.36239477,-71.06782018,104211.22,9975.14,25.6,0.84
CUST0231,Austin,TX,73301,2177.33,435.47,15,2025-02-18,30.27633777,-97.73586201,95971.17,8543.39,41.06,0.88
CUST0232,Phoenix,AZ,85001,2723.25,170.2,5,2024-11-16,33.44299651,-112.07643,110887.47,2769.88,39.75,0.47
CUST0233,Dallas,TX,75201,1358.73,104.52,2,2024-05-23,32.78414542,-96.80772304,44991.53,4017.51,26.34,0.89
CUST0234,Denver,CO,80201,2269.31,324.19,9,2024-08-10,39.74389961,-104.9779593,85808.58,3493.11,43.43,0.65
CUST0235,San Diego,CA,92101,2934.1,419.16,13,2025-03-03,32.71418319,-117.1701476,110633.19,6931.41,29.22,0.82
CUST0236,San Diego,CA,92101,1839.48,459.87,13,2025-02-18,32.72493383,-117.1503459,110633.19,6931.41,29.22,0.82
CUST0237,Atlanta,GA,30301,1428.62,178.58,18,2025-01-31,33.73006264,-84.38625943,73866.81,1761.09,37.14,0.83
CUST0238,Denver,CO,80201,1032.59,516.29,12,2024-07-24,39.72048882,-104.9962893,85808.58,3493.11,43.43,0.65
CUST0239,San Diego,CA,92101,2855.25,713.81,5,2024-05-10,32.7331121,-117.1530559,110633.19,6931.41,29.22,0.82
CUST0240,Phoenix,AZ,85001,2725.56,170.35,12,2024-11-14,33.42664427,-112.074993,110887.47,2769.88,39.75,0.47
CUST0241,Phoenix,AZ,85001,2056.65,257.08,5,2024-04-13,33.44246702,-112.0621068,110887.47,2769.88,39.75,0.47
CUST0242,Atlanta,GA,30301,555.35,30.85,8,2024-08-20,33.75298052,-84.37998072,73866.81,1761.09,37.14,0.83
CUST0243,San Diego,CA,92101,880.59,62.9,4,2024-11-08,32.71214011,-117.1733123,110633.19,6931.41,29.22,0.82
CUST0244,Atlanta,GA,30301,1796.98,199.66,1,2024-05-12,33.74449273,-84.38186806,73866.81,1761.09,37.14,0.83
CUST0245,Dallas,TX,75201,3042.91,507.15,3,2024-11-16,32.78081829,-96.8009889,44991.53,4017.51,26.34,0.89
CUST0246,Denver,CO,80201,3404.09,340.41,14,2024-11-25,39.73638614,-104.994501,85808.58,3493.11,43.43,0.65
CUST0247,Nashville,TN,37201,1680.39,560.13,2,2024-04-26,36.14963424,-86.76686931,89810.44,9760.44,34.3,0.81
CUST0248,Chicago,IL,60601,2907.9,290.79,2,2024-07-01,41.86030853,-87.63218251,87427.21,4194.32,26.04,0.32
CUST0249,Austin,TX,73301,3070.64,219.33,3,2025-03-14,30.26200461,-97.73648452,95971.17,8543.39,41.06,0.88
CUST0250,Atlanta,GA,30301,226.48,15.1,4,2024-10-17,33.75507758,-84.38946012,73866.81,1761.09,37.14,0.83
CUST0251,Chicago,IL,60601,2253.61,375.6,11,2024-07-28,41.86343567,-87.61743564,87427.21,4194.32,26.04,0.32
CUST0252,Denver,CO,80201,2865.76,1432.88,10,2024-04-28,39.74148667,-104.9933709,85808.58,3493.11,43.43,0.65
CUST0253,Nashville,TN,37201,2208.65,245.41,3,2024-11-10,36.15632776,-86.78706757,89810.44,9760.44,34.3,0.81
CUST0254,Denver,CO,80201,971.06,60.69,1,2024-07-22,39.72725631,-104.9837392,85808.58,3493.11,43.43,0.65
CUST0255,Atlanta,GA,30301,3114.58,778.64,6,2024-08-20,33.75877079,-84.38326435,73866.81,1761.09,37.14,0.83
CUST0256,Denver,CO,80201,1902.02,135.86,7,2024-08-22,39.74418207,-104.9910182,85808.58,3493.11,43.43,0.65
CUST0257,Phoenix,AZ,85001,2139.15,356.53,15,2024-11-10,33.44453756,-112.066082,110887.47,2769.88,39.75,0.47
CUST0258,Phoenix,AZ,85001,3132.85,240.99,18,2024-09-07,33.44877653,-112.0743516,110887.47,2769.88,39.75,0.47
CUST0259,Austin,TX,73301,2785.0,696.25,2,2025-02-15,30.27732345,-97.75238296,95971.17,8543.39,41.06,0.88
CUST0260,Denver,CO,80201,1941.85,323.64,10,2025-03-18,39.7429145,-104.9973068,85808.58,3493.11,43.43,0.65
CUST0261,Nashville,TN,37201,3471.86,216.99,1,2025-03-29,36.15912362,-86.77847282,89810.44,9760.44,34.3,0.81
CUST0262,Boston,MA,2101,2361.24,214.66,2,2024-07-18,42.36276544,-71.05200501,104211.22,9975.14,25.6,0.84
CUST0263,Austin,TX,73301,426.59,32.81,19,2025-01-29,30.27088647,-97.72277871,95971.17,8543.39,41.06,0.88
CUST0264,Atlanta,GA,30301,334.37,41.8,11,2024-12-20,33.74876986,-84.38905821,73866.81,1761.09,37.14,0.83
CUST0265,Austin,TX,73301,4786.86,598.36,14,2024-08-23,30.28200414,-97.74656894,95971.17,8543.39,41.06,0.88
CUST0266,Phoenix,AZ,85001,3940.83,207.41,11,2024-07-21,33.46255198,-112.0681158,110887.47,2769.88,39.75,0.47
CUST0267,Boston,MA,2101,1398.73,233.12,15,2024-08-31,42.36174019,-71.05754266,104211.22,9975.14,25.6,0.84
CUST0268,Boston,MA,2101,3160.85,1580.42,15,2025-02-18,42.35138616,-71.06880462,104211.22,9975.14,25.6,0.84
CUST0269,Nashville,TN,37201,3255.13,180.84,10,2024-11-10,36.15926931,-86.79067017,89810.44,9760.44,34.3,0.81
CUST0270,Seattle,WA,98101,3049.22,190.58,2,2025-03-28,47.60170963,-122.327983,82874.81,5396.46,33.04,0.39
CUST0271,Boston,MA,2101,2217.18,123.18,12,2024-06-24,42.35679225,-71.06002602,104211.22,9975.14,25.6,0.84
CUST0272,Atlanta,GA,30301,1500.94,214.42,17,2024-07-14,33.74832878,-84.3871742,73866.81,1761.09,37.14,0.83
CUST0273,Atlanta,GA,30301,4894.15,349.58,8,2024-08-13,33.75662881,-84.37826526,73866.81,1761.09,37.14,0.83
CUST0274,San Diego,CA,92101,3790.62,291.59,18,2024-07-24,32.72399688,-117.1665136,110633.19,6931.41,29.22,0.82
CUST0275,Seattle,WA,98101,1146.21,60.33,12,2024-07-04,47.6330041,-122.3192457,82874.81,5396.46,33.04,0.39
CUST0276,Boston,MA,2101,3098.51,163.08,7,2024-12-21,42.37289753,-71.05326819,104211.22,9975.14,25.6,0.84
CUST0277,Boston,MA,2101,2361.63,147.6,8,2024-11-30,42.36539132,-71.05658371,104211.22,9975.14,25.6,0.84
CUST0278,Chicago,IL,60601,585.97,58.6,2,2025-03-29,41.88759211,-87.62416114,87427.21,4194.32,26.04,0.32
CUST0279,Seattle,WA,98101,1841.38,141.64,9,2025-01-12,47.61230933,-122.3276358,82874.81,5396.46,33.04,0.39
CUST0280,Austin,TX,73301,154.05,77.03,11,2024-08-08,30.26893938,-97.72778003,95971.17,8543.39,41.06,0.88
CUST0281,Denver,CO,80201,4982.04,1245.51,15,2024-11-27,39.74589057,-104.9866128,85808.58,3493.11,43.43,0.65
CUST0282,Denver,CO,80201,775.33,129.22,8,2024-04-14,39.75166549,-104.99573,85808.58,3493.11,43.43,0.65
CUST0283,Chicago,IL,60601,2071.4,295.91,4,2024-08-30,41.87435752,-87.62815449,87427.21,4194.32,26.04,0.32
CUST0284,Dallas,TX,75201,2851.27,712.82,2,2024-11-01,32.7737521,-96.7917215,44991.53,4017.51,26.34,0.89
CUST0285,Denver,CO,80201,2541.45,181.53,19,2024-11-07,39.75115902,-104.9964927,85808.58,3493.11,43.43,0.65
CUST0286,San Diego,CA,92101,1128.23,282.06,19,2024-10-17,32.71568204,-117.1688604,110633.19,6931.41,29.22,0.82
CUST0287,Phoenix,AZ,85001,1255.7,73.86,15,2024-05-30,33.45189848,-112.0642324,110887.47,2769.88,39.75,0.47
CUST0288,Austin,TX,73301,3224.01,201.5,15,2024-09-22,30.2730378,-97.75376692,95971.17,8543.39,41.06,0.88
CUST0289,Dallas,TX,75201,1739.11,133.78,11,2024-12-16,32.79686988,-96.78326062,44991.53,4017.51,26.34,0.89
CUST0290,San Diego,CA,92101,2638.59,202.97,19,2024-08-06,32.71416588,-117.173009,110633.19,6931.41,29.22,0.82
CUST0291,Atlanta,GA,30301,2456.44,245.64,5,2024-04-17,33.74972485,-84.37227748,73866.81,1761.09,37.14,0.83
CUST0292,Austin,TX,73301,3923.04,980.76,6,2024-06-15,30.27354778,-97.75097862,95971.17,8543.39,41.06,0.88
CUST0293,Nashville,TN,37201,3781.74,945.43,12,2024-12-23,36.15023625,-86.78892456,89810.44,9760.44,34.3,0.81
CUST0294,Denver,CO,80201,1450.5,103.61,10,2024-05-07,39.72930749,-105.0093652,85808.58,3493.11,43.43,0.65
CUST0295,Nashville,TN,37201,3905.88,325.49,9,2024-06-11,36.17053057,-86.75966695,89810.44,9760.44,34.3,0.81
CUST0296,Atlanta,GA,30301,2708.86,2708.86,7,2025-01-28,33.75247077,-84.38912669,73866.81,1761.09,37.14,0.83
CUST0297,Phoenix,AZ,85001,2027.89,168.99,14,2024-05-30,33.45408345,-112.070047,110887.47,2769.88,39.75,0.47
CUST0298,Atlanta,GA,30301,3305.46,661.09,17,2024-04-28,33.74392654,-84.37370677,73866.81,1761.09,37.14,0.83
CUST0299,Nashville,TN,37201,4268.02,4268.02,17,2024-11-07,36.15704459,-86.77847684,89810.44,9760.44,34.3,0.81
CUST0300,San Diego,CA,92101,2789.31,1394.65,6,2024-09-22,32.71763358,-117.1484971,110633.19,6931.41,29.22,0.82
CUST0301,Atlanta,GA,30301,4733.92,295.87,2,2024-05-13,33.72637068,-84.40009731,73866.81,1761.09,37.14,0.83
CUST0302,Phoenix,AZ,85001,2772.62,184.84,8,2024-06-18,33.44817104,-112.0562512,110887.47,2769.88,39.75,0.47
CUST0303,Denver,CO,80201,3952.76,564.68,4,2024-09-06,39.73025964,-104.985405,85808.58,3493.11,43.43,0.65
CUST0304,Nashville,TN,37201,2844.89,167.35,2,2024-08-03,36.1688311,-86.78077837,89810.44,9760.44,34.3,0.81
CUST0305,Austin,TX,73301,2014.57,671.52,6,2024-10-23,30.28038389,-97.73494576,95971.17,8543.39,41.06,0.88
CUST0306,Seattle,WA,98101,557.7,111.54,19,2024-07-15,47.6111327,-122.3443828,82874.81,5396.46,33.04,0.39
CUST0307,Boston,MA,2101,1847.69,205.3,4,2025-01-13,42.37049654,-71.07380543,104211.22,9975.14,25.6,0.84
CUST0308,Boston,MA,2101,2648.93,441.49,12,2024-07-19,42.34434328,-71.04702245,104211.22,9975.14,25.6,0.84
CUST0309,Seattle,WA,98101,927.39,154.56,1,2024-08-31,47.60453493,-122.3351572,82874.81,5396.46,33.04,0.39
CUST0310,Atlanta,GA,30301,3689.91,230.62,11,2024-12-28,33.77062525,-84.40067533,73866.81,1761.09,37.14,0.83
CUST0311,San Diego,CA,92101,4298.68,477.63,12,2024-06-10,32.70942284,-117.1604102,110633.19,6931.41,29.22,0.82
CUST0312,Seattle,WA,98101,913.18,152.2,5,2025-03-14,47.60497897,-122.3244131,82874.81,5396.46,33.04,0.39
CUST0313,Atlanta,GA,30301,4869.94,541.1,6,2024-11-25,33.73993457,-84.37860121,73866.81,1761.09,37.14,0.83
CUST0314,Seattle,WA,98101,4126.02,343.84,9,2024-09-07,47.61736758,-122.3356696,82874.81,5396.46,33.04,0.39
CUST0315,Dallas,TX,75201,1297.27,1297.27,3,2024-10-10,32.78249199,-96.79578527,44991.53,4017.51,26.34,0.89
CUST0316,Seattle,WA,98101,3769.25,235.58,17,2024-05-18,47.61429331,-122.3261756,82874.81,5396.46,33.04,0.39
CUST0317,Denver,CO,80201,252.47,15.78,2,2025-02-01,39.73076867,-104.9849618,85808.58,3493.11,43.43,0.65
CUST0318,Chicago,IL,60601,1213.18,151.65,3,2025-04-04,41.8766402,-87.62567271,87427.21,4194.32,26.04,0.32
CUST0319,Atlanta,GA,30301,262.63,18.76,14,2025-02-28,33.75282208,-84.3825344,73866.81,1761.09,37.14,0.83
CUST0320,San Diego,CA,92101,3386.59,1693.3,14,2025-03-01,32.71427703,-117.1732101,110633.19,6931.41,29.22,0.82
CUST0321,Denver,CO,80201,2122.53,151.61,17,2024-07-01,39.73594375,-104.9906739,85808.58,3493.11,43.43,0.65
CUST0322,San Diego,CA,92101,1472.18,92.01,19,2024-12-19,32.72195975,-117.1568302,110633.19,6931.41,29.22,0.82
CUST0323,Nashville,TN,37201,4213.36,324.1,7,2024-09-14,36.15064561,-86.76914018,89810.44,9760.44,34.3,0.81
CUST0324,Phoenix,AZ,85001,2710.11,142.64,15,2024-12-09,33.45367287,-112.0516182,110887.47,2769.88,39.75,0.47
CUST0325,Boston,MA,2101,1390.25,154.47,1,2024-06-04,42.36799942,-71.07616311,104211.22,9975.14,25.6,0.84
CUST0326,Denver,CO,80201,1209.12,86.37,9,2024-09-24,39.73642898,-104.9820562,85808.58,3493.11,43.43,0.65
CUST0327,San Diego,CA,92101,4472.28,279.52,17,2024-11-01,32.70373989,-117.1649586,110633.19,6931.41,29.22,0.82
CUST0328,Seattle,WA,98101,2909.41,581.88,16,2024-07-06,47.60936777,-122.3452153,82874.81,5396.46,33.04,0.39
CUST0329,Atlanta,GA,30301,559.9,62.21,4,2025-03-04,33.75653283,-84.36312466,73866.81,1761.09,37.14,0.83
CUST0330,Boston,MA,2101,1653.04,137.75,14,2025-02-20,42.35611426,-71.06884816,104211.22,9975.14,25.6,0.84
CUST0331,Chicago,IL,60601,2272.56,284.07,19,2025-03-01,41.89639965,-87.62257873,87427.21,4194.32,26.04,0.32
CUST0332,Chicago,IL,60601,3414.49,853.62,12,2025-01-31,41.88424234,-87.62856661,87427.21,4194.32,26.04,0.32
CUST0333,Seattle,WA,98101,2417.2,268.58,1,2025-01-26,47.60377351,-122.3280539,82874.81,5396.46,33.04,0.39
CUST0334,Nashville,TN,37201,114.31,9.53,6,2024-09-02,36.15804702,-86.77695338,89810.44,9760.44,34.3,0.81
CUST0335,Dallas,TX,75201,4860.51,373.89,17,2024-04-18,32.78452033,-96.8124006,44991.53,4017.51,26.34,0.89
CUST0336,Chicago,IL,60601,1114.26,85.71,6,2025-02-18,41.8908448,-87.6357753,87427.21,4194.32,26.04,0.32
CUST0337,Austin,TX,73301,1170.7,117.07,11,2024-06-02,30.26839867,-97.7332866,95971.17,8543.39,41.06,0.88
CUST0338,Atlanta,GA,30301,1494.36,87.9,19,2025-02-08,33.76076007,-84.38978688,73866.81,1761.09,37.14,0.83
CUST0339,Denver,CO,80201,2307.93,164.85,13,2025-04-07,39.75480568,-104.9970935,85808.58,3493.11,43.43,0.65
CUST0340,Boston,MA,2101,4547.29,349.79,12,2024-08-11,42.3705195,-71.06978955,104211.22,9975.14,25.6,0.84
CUST0341,Dallas,TX,75201,3634.83,259.63,13,2024-09-05,32.78818631,-96.81205004,44991.53,4017.51,26.34,0.89
CUST0342,Austin,TX,73301,2335.56,129.75,5,2024-11-12,30.28132035,-97.71800902,95971.17,8543.39,41.06,0.88
CUST0343,Austin,TX,73301,447.94,23.58,15,2025-02-26,30.27168655,-97.73558059,95971.17,8543.39,41.06,0.88
CUST0344,Nashville,TN,37201,3267.61,171.98,11,2024-07-16,36.14859221,-86.77993197,89810.44,9760.44,34.3,0.81
CUST0345,Nashville,TN,37201,3101.61,1033.87,6,2024-11-04,36.16209912,-86.76313361,89810.44,9760.44,34.3,0.81
CUST0346,Denver,CO,80201,2716.44,339.56,2,2025-01-17,39.74316943,-104.9709906,85808.58,3493.11,43.43,0.65
CUST0347,Austin,TX,73301,513.52,34.23,5,2024-09-07,30.26429854,-97.73381515,95971.17,8543.39,41.06,0.88
CUST0348,Nashville,TN,37201,3672.95,612.16,11,2024-11-13,36.15261369,-86.78168055,89810.44,9760.44,34.3,0.81
CUST0349,Nashville,TN,37201,1600.94,133.41,2,2024-06-24,36.16288694,-86.77739678,89810.44,9760.44,34.3,0.81
CUST0350,Nashville,TN,37201,2211.83,276.48,11,2025-02-19,36.15921729,-86.7834561,89810.44,9760.44,34.3,0.81
CUST0351,Boston,MA,2101,1935.31,387.06,7,2024-09-24,42.35845534,-71.05569427,104211.22,9975.14,25.6,0.84
CUST0352,Dallas,TX,75201,3264.53,1088.18,11,2024-12-03,32.77134487,-96.79791645,44991.53,4017.51,26.34,0.89
CUST0353,Atlanta,GA,30301,2702.32,168.9,12,2024-05-22,33.75027951,-84.38581813,73866.81,1761.09,37.14,0.83
CUST0354,Chicago,IL,60601,586.58,41.9,11,2024-08-17,41.8639264,-87.63899788,87427.21,4194.32,26.04,0.32
CUST0355,Atlanta,GA,30301,1517.3,303.46,5,2024-10-20,33.74525226,-84.41286718,73866.81,1761.09,37.14,0.83
CUST0356,San Diego,CA,92101,3054.42,339.38,17,2024-06-27,32.70460333,-117.1748628,110633.19,6931.41,29.22,0.82
CUST0357,San Diego,CA,92101,2752.9,550.58,9,2024-06-07,32.70731964,-117.1587667,110633.19,6931.41,29.22,0.82
CUST0358,Atlanta,GA,30301,4184.88,220.26,3,2025-02-25,33.75542827,-84.38151233,73866.81,1761.09,37.14,0.83
CUST0359,Dallas,TX,75201,382.47,27.32,12,2025-03-18,32.78061116,-96.79506048,44991.53,4017.51,26.34,0.89
CUST0360,Denver,CO,80201,909.69,303.23,13,2024-12-18,39.73478098,-104.9843519,85808.58,3493.11,43.43,0.65
CUST0361,Austin,TX,73301,3699.43,205.52,8,2024-09-06,30.28960691,-97.72872642,95971.17,8543.39,41.06,0.88
CUST0362,Atlanta,GA,30301,3681.01,460.13,5,2024-11-14,33.7552376,-84.38728579,73866.81,1761.09,37.14,0.83
CUST0363,Atlanta,GA,30301,3035.69,233.51,15,2024-11-19,33.74321471,-84.38924328,73866.81,1761.09,37.14,0.83
CUST0364,Boston,MA,2101,1451.26,103.66,12,2025-01-28,42.35875382,-71.07172592,104211.22,9975.14,25.6,0.84
CUST0365,Chicago,IL,60601,4331.38,1082.85,6,2025-01-23,41.88639787,-87.63725269,87427.21,4194.32,26.04,0.32
CUST0366,Nashville,TN,37201,1875.11,110.3,19,2024-09-01,36.17193956,-86.78336898,89810.44,9760.44,34.3,0.81
CUST0367,Chicago,IL,60601,4052.29,1350.76,16,2024-05-14,41.86615353,-87.62036911,87427.21,4194.32,26.04,0.32
CUST0368,Boston,MA,2101,406.04,67.67,3,2024-05-18,42.38333244,-71.05807717,104211.22,9975.14,25.6,0.84
CUST0369,Phoenix,AZ,85001,193.67,17.61,3,2025-02-13,33.47239743,-112.0653993,110887.47,2769.88,39.75,0.47
CUST0370,Atlanta,GA,30301,1857.71,928.86,9,2024-11-07,33.75211641,-84.37274092,73866.81,1761.09,37.14,0.83
CUST0371,Denver,CO,80201,4989.32,623.66,17,2024-05-16,39.75209266,-105.0043956,85808.58,3493.11,43.43,0.65
CUST0372,Atlanta,GA,30301,127.76,15.97,5,2024-10-02,33.76188913,-84.38291696,73866.81,1761.09,37.14,0.83
CUST0373,Chicago,IL,60601,3530.17,441.27,9,2024-06-22,41.87836933,-87.63744903,87427.21,4194.32,26.04,0.32
CUST0374,San Diego,CA,92101,1600.07,200.01,3,2024-10-02,32.73725117,-117.1532794,110633.19,6931.41,29.22,0.82
CUST0375,Denver,CO,80201,2660.63,166.29,2,2024-11-14,39.75455021,-104.9899692,85808.58,3493.11,43.43,0.65
CUST0376,San Diego,CA,92101,346.11,173.06,13,2024-10-06,32.7100197,-117.1676343,110633.19,6931.41,29.22,0.82
CUST0377,Phoenix,AZ,85001,2066.4,147.6,7,2025-02-14,33.45172121,-112.0579737,110887.47,2769.88,39.75,0.47
CUST0378,Atlanta,GA,30301,264.98,13.95,19,2024-05-30,33.74298292,-84.38416412,73866.81,1761.09,37.14,0.83
CUST0379,Phoenix,AZ,85001,2565.11,256.51,10,2025-02-13,33.45209659,-112.0749164,110887.47,2769.88,39.75,0.47
CUST0380,Seattle,WA,98101,3598.37,239.89,4,2024-09-15,47.61226301,-122.3257254,82874.81,5396.46,33.04,0.39
CUST0381,Phoenix,AZ,85001,877.26,438.63,18,2024-08-03,33.44475912,-112.0684765,110887.47,2769.88,39.75,0.47
CUST0382,Austin,TX,73301,1656.18,97.42,18,2025-01-02,30.27884993,-97.73790931,95971.17,8543.39,41.06,0.88
CUST0383,Boston,MA,2101,4212.76,468.08,6,2024-05-18,42.36184901,-71.07052965,104211.22,9975.14,25.6,0.84
CUST0384,Seattle,WA,98101,1635.4,408.85,18,2024-06-05,47.61850898,-122.3313737,82874.81,5396.46,33.04,0.39
CUST0385,Boston,MA,2101,4823.98,964.8,17,2024-10-04,42.36078349,-71.06554872,104211.22,9975.14,25.6,0.84
CUST0386,Nashville,TN,37201,3548.9,354.89,15,2025-03-16,36.16550095,-86.78360032,89810.44,9760.44,34.3,0.81
CUST0387,Atlanta,GA,30301,4833.63,402.8,11,2024-07-09,33.75397702,-84.38842249,73866.81,1761.09,37.14,0.83
CUST0388,Nashville,TN,37201,616.29,32.44,19,2024-11-19,36.13574786,-86.78030172,89810.44,9760.44,34.3,0.81
CUST0389,Nashville,TN,37201,2432.24,152.01,18,2024-07-26,36.14595436,-86.79416498,89810.44,9760.44,34.3,0.81
CUST0390,Phoenix,AZ,85001,3861.08,214.5,5,2024-12-29,33.44603338,-112.0651748,110887.47,2769.88,39.75,0.47
CUST0391,Nashville,TN,37201,4361.84,4361.84,4,2024-12-20,36.16672886,-86.78164416,89810.44,9760.44,34.3,0.81
CUST0392,Chicago,IL,60601,3719.13,619.86,12,2024-11-10,41.87656589,-87.61035305,87427.21,4194.32,26.04,0.32
CUST0393,Austin,TX,73301,4462.05,405.64,3,2025-03-26,30.25256152,-97.73880982,95971.17,8543.39,41.06,0.88
CUST0394,Atlanta,GA,30301,3471.42,267.03,5,2024-12-27,33.747714,-84.39994349,73866.81,1761.09,37.14,0.83
CUST0395,Nashville,TN,37201,3707.38,617.9,17,2024-07-14,36.15922628,-86.77984981,89810.44,9760.44,34.3,0.81
CUST0396,Nashville,TN,37201,4821.15,803.52,1,2024-05-03,36.14303821,-86.78328535,89810.44,9760.44,34.3,0.81
CUST0397,Austin,TX,73301,2654.35,221.2,10,2024-10-03,30.25475295,-97.7535356,95971.17,8543.39,41.06,0.88
CUST0398,Atlanta,GA,30301,1401.36,1401.36,7,2024-08-07,33.75955708,-84.37080999,73866.81,1761.09,37.14,0.83
CUST0399,Atlanta,GA,30301,3267.65,466.81,4,2024-12-18,33.75519865,-84.37056397,73866.81,1761.09,37.14,0.83
CUST0400,Boston,MA,2101,3937.67,492.21,13,2024-09-06,42.3631207,-71.05850068,104211.22,9975.14,25.6,0.84
CUST0401,Seattle,WA,98101,2471.98,164.8,12,2024-09-02,47.61151619,-122.3297457,82874.81,5396.46,33.04,0.39
CUST0402,Phoenix,AZ,85001,3947.43,219.3,11,2024-11-16,33.46470321,-112.0667457,110887.47,2769.88,39.75,0.47
CUST0403,Austin,TX,73301,1204.37,100.36,7,2024-04-11,30.25862859,-97.74939406,95971.17,8543.39,41.06,0.88
CUST0404,Atlanta,GA,30301,2683.6,670.9,15,2024-04-22,33.73829982,-84.38151438,73866.81,1761.09,37.14,0.83
CUST0405,Austin,TX,73301,4742.24,790.37,15,2024-10-31,30.26680152,-97.73848242,95971.17,8543.39,41.06,0.88
CUST0406,Austin,TX,73301,4659.97,517.77,11,2024-08-03,30.25392339,-97.73815259,95971.17,8543.39,41.06,0.88
CUST0407,Dallas,TX,75201,3430.14,686.03,6,2024-06-18,32.76692426,-96.79808339,44991.53,4017.51,26.34,0.89
CUST0408,Denver,CO,80201,912.17,114.02,12,2024-08-16,39.7316131,-104.9859718,85808.58,3493.11,43.43,0.65
CUST0409,Seattle,WA,98101,4283.55,356.96,6,2024-10-21,47.61047961,-122.3266816,82874.81,5396.46,33.04,0.39
CUST0410,Atlanta,GA,30301,2241.28,117.96,6,2024-11-05,33.74177568,-84.37683041,73866.81,1761.09,37.14,0.83
CUST0411,Austin,TX,73301,4804.66,300.29,2,2024-08-04,30.28049984,-97.74317781,95971.17,8543.39,41.06,0.88
CUST0412,Chicago,IL,60601,1311.97,1311.97,11,2025-02-28,41.88562317,-87.62582737,87427.21,4194.32,26.04,0.32
CUST0413,Nashville,TN,37201,4193.5,1048.38,5,2024-11-03,36.16628625,-86.79269395,89810.44,9760.44,34.3,0.81
CUST0414,Boston,MA,2101,4059.59,507.45,2,2025-02-12,42.35529958,-71.05734122,104211.22,9975.14,25.6,0.84
CUST0415,Atlanta,GA,30301,1304.46,434.82,12,2024-11-18,33.749928,-84.3838497,73866.81,1761.09,37.14,0.83
CUST0416,Nashville,TN,37201,3828.94,225.23,3,2024-12-12,36.14295303,-86.78422541,89810.44,9760.44,34.3,0.81
CUST0417,Austin,TX,73301,3958.99,219.94,4,2024-12-15,30.27487164,-97.73342476,95971.17,8543.39,41.06,0.88
CUST0418,Atlanta,GA,30301,276.49,16.26,2,2024-08-14,33.74635451,-84.40461556,73866.81,1761.09,37.14,0.83
CUST0419,Boston,MA,2101,2942.44,980.81,12,2024-06-30,42.35818225,-71.05826659,104211.22,9975.14,25.6,0.84
CUST0420,Phoenix,AZ,85001,4481.06,640.15,8,2024-11-26,33.46411051,-112.0740541,110887.47,2769.88,39.75,0.47
CUST0421,Dallas,TX,75201,4455.55,247.53,13,2024-08-30,32.77139987,-96.81030015,44991.53,4017.51,26.34,0.89
CUST0422,Phoenix,AZ,85001,260.77,18.63,4,2024-07-11,33.44891024,-112.0596604,110887.47,2769.88,39.75,0.47
CUST0423,Boston,MA,2101,4151.06,1037.77,2,2025-03-15,42.37058504,-71.06480377,104211.22,9975.14,25.6,0.84
CUST0424,Seattle,WA,98101,4391.83,337.83,5,2024-04-22,47.61347676,-122.3348723,82874.81,5396.46,33.04,0.39
CUST0425,Nashville,TN,37201,2993.11,498.85,5,2024-05-30,36.14912754,-86.79085825,89810.44,9760.44,34.3,0.81
CUST0426,Denver,CO,80201,4425.4,295.03,4,2024-05-11,39.74679373,-105.0014879,85808.58,3493.11,43.43,0.65
CUST0427,Nashville,TN,37201,4257.28,236.52,5,2025-03-14,36.1514606,-86.78923525,89810.44,9760.44,34.3,0.81
CUST0428,Nashville,TN,37201,1917.61,127.84,4,2025-02-28,36.16705365,-86.78751126,89810.44,9760.44,34.3,0.81
CUST0429,San Diego,CA,92101,2994.13,176.13,16,2025-02-08,32.73497369,-117.1650455,110633.19,6931.41,29.22,0.82
CUST0430,Seattle,WA,98101,3925.1,436.12,17,2024-11-20,47.60675227,-122.306996,82874.81,5396.46,33.04,0.39
CUST0431,Austin,TX,73301,3047.61,203.17,5,2024-12-27,30.27713061,-97.73039861,95971.17,8543.39,41.06,0.88
CUST0432,Denver,CO,80201,1909.48,212.16,2,2024-12-25,39.7372556,-104.9877962,85808.58,3493.11,43.43,0.65
CUST0433,Dallas,TX,75201,3672.01,216.0,2,2024-07-31,32.78641816,-96.81113853,44991.53,4017.51,26.34,0.89
CUST0434,Atlanta,GA,30301,4297.03,252.77,12,2024-10-15,33.76634135,-84.41143367,73866.81,1761.09,37.14,0.83
CUST0435,Austin,TX,73301,1964.54,130.97,4,2025-03-07,30.2779414,-97.74220255,95971.17,8543.39,41.06,0.88
CUST0436,Austin,TX,73301,223.45,74.48,8,2025-01-20,30.25482126,-97.74357029,95971.17,8543.39,41.06,0.88
CUST0437,Denver,CO,80201,3560.35,3560.35,17,2024-10-22,39.74007063,-104.9966032,85808.58,3493.11,43.43,0.65
CUST0438,San Diego,CA,92101,680.61,42.54,3,2024-11-12,32.71003608,-117.1627987,110633.19,6931.41,29.22,0.82
CUST0439,Dallas,TX,75201,4063.07,1015.77,12,2024-11-08,32.78967488,-96.80560935,44991.53,4017.51,26.34,0.89
CUST0440,Nashville,TN,37201,4003.74,571.96,14,2024-12-15,36.16069747,-86.78639765,89810.44,9760.44,34.3,0.81
CUST0441,Atlanta,GA,30301,1603.21,133.6,17,2025-01-01,33.76009065,-84.39185429,73866.81,1761.09,37.14,0.83
CUST0442,Atlanta,GA,30301,434.93,434.93,18,2025-03-20,33.74489665,-84.3878825,73866.81,1761.09,37.14,0.83
CUST0443,Phoenix,AZ,85001,4727.8,363.68,7,2025-01-19,33.45263839,-112.0736037,110887.47,2769.88,39.75,0.47
CUST0444,San Diego,CA,92101,3045.4,169.19,10,2024-04-12,32.70671685,-117.1592253,110633.19,6931.41,29.22,0.82
CUST0445,San Diego,CA,92101,2784.15,309.35,5,2025-01-16,32.71357243,-117.1429848,110633.19,6931.41,29.22,0.82
CUST0446,Austin,TX,73301,2048.3,682.77,10,2024-12-31,30.25252547,-97.74128042,95971.17,8543.39,41.06,0.88
CUST0447,Boston,MA,2101,3318.1,301.65,7,2024-09-01,42.3545332,-71.06271655,104211.22,9975.14,25.6,0.84
CUST0448,Denver,CO,80201,3155.88,210.39,2,2024-06-03,39.74811397,-105.0014826,85808.58,3493.11,43.43,0.65
CUST0449,Austin,TX,73301,3393.07,565.51,9,2024-12-29,30.29155333,-97.74977562,95971.17,8543.39,41.06,0.88
CUST0450,San Diego,CA,92101,4701.38,1175.35,2,2025-03-14,32.72142056,-117.1650088,110633.19,6931.41,29.22,0.82
CUST0451,Chicago,IL,60601,4687.71,520.86,4,2025-01-15,41.8789023,-87.62502515,87427.21,4194.32,26.04,0.32
CUST0452,Dallas,TX,75201,3723.1,620.52,16,2024-10-24,32.77135609,-96.80140928,44991.53,4017.51,26.34,0.89
CUST0453,Atlanta,GA,30301,4581.29,305.42,15,2024-11-27,33.76677463,-84.39492446,73866.81,1761.09,37.14,0.83
CUST0454,Dallas,TX,75201,4981.69,293.04,11,2025-02-26,32.78807531,-96.80973242,44991.53,4017.51,26.34,0.89
CUST0455,Boston,MA,2101,3304.57,220.3,15,2025-02-04,42.35026885,-71.07877443,104211.22,9975.14,25.6,0.84
CUST0456,Dallas,TX,75201,3025.77,189.11,18,2025-01-04,32.78499685,-96.79527998,44991.53,4017.51,26.34,0.89
CUST0457,Boston,MA,2101,1081.38,108.14,6,2024-05-22,42.36977568,-71.06752845,104211.22,9975.14,25.6,0.84
CUST0458,Austin,TX,73301,4611.76,768.63,11,2024-04-28,30.27853386,-97.74388829,95971.17,8543.39,41.06,0.88
CUST0459,Austin,TX,73301,4487.2,498.58,18,2025-02-11,30.26579605,-97.72637383,95971.17,8543.39,41.06,0.88
CUST0460,Dallas,TX,75201,1317.08,219.51,8,2024-12-15,32.78538324,-96.79815752,44991.53,4017.51,26.34,0.89
CUST0461,Seattle,WA,98101,4141.24,376.48,13,2024-07-22,47.5933539,-122.3137386,82874.81,5396.46,33.04,0.39
CUST0462,San Diego,CA,92101,238.73,15.92,1,2024-06-01,32.72737291,-117.1615862,110633.19,6931.41,29.22,0.82
CUST0463,Atlanta,GA,30301,886.27,177.25,17,2024-09-18,33.75808893,-84.38453536,73866.81,1761.09,37.14,0.83
CUST0464,Denver,CO,80201,641.12,128.22,1,2024-09-24,39.73895876,-104.9822024,85808.58,3493.11,43.43,0.65
CUST0465,Dallas,TX,75201,2724.21,209.55,14,2025-03-07,32.78561402,-96.79393572,44991.53,4017.51,26.34,0.89
CUST0466,Dallas,TX,75201,1930.25,275.75,16,2025-01-01,32.78637897,-96.80286721,44991.53,4017.51,26.34,0.89
CUST0467,San Diego,CA,92101,2811.52,937.17,7,2024-11-09,32.73447587,-117.1589383,110633.19,6931.41,29.22,0.82
CUST0468,Phoenix,AZ,85001,4205.75,262.86,3,2024-05-30,33.4267837,-112.080657,110887.47,2769.88,39.75,0.47
CUST0469,Chicago,IL,60601,1225.03,94.23,17,2024-08-04,41.88112105,-87.61255361,87427.21,4194.32,26.04,0.32
CUST0470,San Diego,CA,92101,2752.71,161.92,11,2024-12-07,32.71220344,-117.1628789,110633.19,6931.41,29.22,0.82
CUST0471,Chicago,IL,60601,680.23,68.02,11,2024-09-14,41.87491611,-87.63660742,87427.21,4194.32,26.04,0.32
CUST0472,Denver,CO,80201,1744.8,218.1,11,2024-11-22,39.72414017,-105.0087992,85808.58,3493.11,43.43,0.65
CUST0473,Denver,CO,80201,3426.99,428.37,15,2024-04-19,39.75015228,-104.9924123,85808.58,3493.11,43.43,0.65
CUST0474,Seattle,WA,98101,208.49,13.9,13,2025-02-19,47.60074575,-122.3274462,82874.81,5396.46,33.04,0.39
CUST0475,Phoenix,AZ,85001,799.93,47.05,7,2024-07-13,33.45858451,-112.0723462,110887.47,2769.88,39.75,0.47
CUST0476,Phoenix,AZ,85001,3887.63,555.38,1,2024-08-10,33.46027695,-112.0667977,110887.47,2769.88,39.75,0.47
CUST0477,Denver,CO,80201,2847.32,258.85,16,2025-03-14,39.74915417,-104.9792662,85808.58,3493.11,43.43,0.65
CUST0478,Boston,MA,2101,4196.98,262.31,9,2024-04-09,42.37096469,-71.06625677,104211.22,9975.14,25.6,0.84
CUST0479,Denver,CO,80201,4120.93,457.88,13,2024-07-11,39.73199961,-104.9906352,85808.58,3493.11,43.43,0.65
CUST0480,Nashville,TN,37201,4037.33,212.49,16,2024-09-26,36.16848431,-86.80246889,89810.44,9760.44,34.3,0.81
CUST0481,Chicago,IL,60601,4254.85,250.29,13,2025-01-16,41.89200079,-87.63491902,87427.21,4194.32,26.04,0.32
CUST0482,Chicago,IL,60601,4986.19,498.62,3,2024-05-04,41.88151012,-87.63283268,87427.21,4194.32,26.04,0.32
CUST0483,Boston,MA,2101,436.7,109.17,11,2024-12-07,42.36581433,-71.06203236,104211.22,9975.14,25.6,0.84
CUST0484,Seattle,WA,98101,3342.25,196.6,9,2024-04-25,47.60236876,-122.3275107,82874.81,5396.46,33.04,0.39
CUST0485,Boston,MA,2101,2787.25,696.81,8,2024-09-19,42.37396597,-71.05585352,104211.22,9975.14,25.6,0.84
CUST0486,Phoenix,AZ,85001,3419.62,201.15,3,2024-09-09,33.4640337,-112.063021,110887.47,2769.88,39.75,0.47
CUST0487,Phoenix,AZ,85001,3346.17,557.7,17,2024-09-05,33.43738351,-112.0501019,110887.47,2769.88,39.75,0.47
CUST0488,Dallas,TX,75201,4456.73,891.35,10,2024-05-11,32.79809306,-96.80218046,44991.53,4017.51,26.34,0.89
CUST0489,San Diego,CA,92101,1992.44,249.06,8,2024-08-14,32.71629492,-117.1740557,110633.19,6931.41,29.22,0.82
CUST0490,Dallas,TX,75201,2584.59,172.31,16,2025-01-17,32.76959708,-96.79759575,44991.53,4017.51,26.34,0.89
CUST0491,Denver,CO,80201,4126.97,229.28,17,2025-02-05,39.72908066,-104.9810975,85808.58,3493.11,43.43,0.65
CUST0492,San Diego,CA,92101,3766.34,3766.34,13,2024-11-03,32.7023508,-117.1629385,110633.19,6931.41,29.22,0.82
CUST0493,Chicago,IL,60601,4136.46,413.65,7,2024-09-13,41.88712628,-87.62240454,87427.21,4194.32,26.04,0.32
CUST0494,San Diego,CA,92101,3954.87,790.97,12,2024-10-29,32.71539924,-117.1606639,110633.19,6931.41,29.22,0.82
CUST0495,San Diego,CA,92101,265.01,88.34,15,2025-04-03,32.72980094,-117.1564411,110633.19,6931.41,29.22,0.82
CUST0496,San Diego,CA,92101,2202.03,157.29,8,2024-07-27,32.72335058,-117.1568384,110633.19,6931.41,29.22,0.82
CUST0497,Austin,TX,73301,2925.84,487.64,16,2025-03-12,30.27756789,-97.73387531,95971.17,8543.39,41.06,0.88
CUST0498,Dallas,TX,75201,128.02,42.67,15,2024-07-29,32.78172184,-96.80067915,44991.53,4017.51,26.34,0.89
CUST0499,Atlanta,GA,30301,3940.32,358.21,16,2024-06-21,33.75239589,-84.38515841,73866.81,1761.09,37.14,0.83
